datetime,region,delta_price,delta_demand
2025-09-11 00:30:00+00:00,NSW1,5.829663749740412,866.3043597385886
2025-09-11 01:00:00+00:00,NSW1,17.022165312680464,806.9607627621972
2025-09-11 01:30:00+00:00,NSW1,12.727747404519974,700.4852128153766
2025-09-11 02:00:00+00:00,NSW1,15.79801588275108,645.9858643094012
2025-09-11 02:30:00+00:00,NSW1,21.54297301580337,574.1343016197789
2025-09-11 03:00:00+00:00,NSW1,26.88825670934412,712.0084493692348
2025-09-11 03:30:00+00:00,NSW1,10.404449579759572,615.370978521189
2025-09-11 04:00:00+00:00,NSW1,13.906449303649289,490.8686513263783
2025-09-11 04:30:00+00:00,NSW1,14.827343104458308,867.4231602158889
2025-09-11 05:00:00+00:00,NSW1,22.08931967749401,732.2368421777028
2025-09-11 05:30:00+00:00,NSW1,6.49432665005768,611.325091264147
2025-09-11 06:00:00+00:00,NSW1,16.112685247292283,1286.3106427189014
2025-09-11 06:30:00+00:00,NSW1,13.69793277386028,1759.7969026254332
2025-09-11 07:00:00+00:00,NSW1,70.2224422885258,1919.2401858724388
2025-09-11 07:30:00+00:00,NSW1,90.3653292055856,1480.723694691489
2025-09-11 08:00:00+00:00,NSW1,153.20315753662396,1845.9656054780662
2025-09-11 08:30:00+00:00,NSW1,76.87436343249078,1026.2524008567252
2025-09-11 09:00:00+00:00,NSW1,135.7876553164495,885.1379334944413
2025-09-11 09:30:00+00:00,NSW1,120.60194617317227,2302.355571419943
2025-09-11 10:00:00+00:00,NSW1,20.50325045907799,1351.179011185377
2025-09-11 10:30:00+00:00,NSW1,12.298822691481888,1048.2686921528802
2025-09-11 11:00:00+00:00,NSW1,18.399828009125883,416.81811221408407
2025-09-11 11:30:00+00:00,NSW1,14.931482690955406,1309.732379623314
2025-09-11 12:00:00+00:00,NSW1,18.102983358747203,772.7262521889897
2025-09-11 12:30:00+00:00,NSW1,5.91183249538512,953.4118892747165
2025-09-11 13:00:00+00:00,NSW1,18.835555317767508,870.513404707428
2025-09-11 13:30:00+00:00,NSW1,8.397253452887462,1048.043126241355
2025-09-11 14:00:00+00:00,NSW1,8.990821898572655,1651.0051024580325
2025-09-11 14:30:00+00:00,NSW1,14.244081636546625,158.31268981804442
2025-09-11 15:00:00+00:00,NSW1,13.249498857711103,767.2319133785977
2025-09-11 15:30:00+00:00,NSW1,10.014404745270049,587.1527558004755
2025-09-11 16:00:00+00:00,NSW1,4.300924338859545,895.1748452687589
2025-09-11 16:30:00+00:00,NSW1,14.333791034386444,1478.8729996011443
2025-09-11 17:00:00+00:00,NSW1,80.21466312351761,1189.8845524290791
2025-09-11 17:30:00+00:00,NSW1,93.16967428318912,967.4852547370429
2025-09-11 18:00:00+00:00,NSW1,78.3366758945999,1972.7430637298476
2025-09-11 18:30:00+00:00,NSW1,140.73637863114348,1873.8303035868157
2025-09-11 19:00:00+00:00,NSW1,95.0379921210834,1327.774197523031
2025-09-11 19:30:00+00:00,NSW1,142.47157348695094,1569.1988881387588
2025-09-11 20:00:00+00:00,NSW1,97.78548581790338,1648.0852517888434
2025-09-11 20:30:00+00:00,NSW1,107.04725969745797,1695.2695124983857
2025-09-11 21:00:00+00:00,NSW1,104.8522992422237,1596.1288248061137
2025-09-11 21:30:00+00:00,NSW1,94.02038410732459,1370.3305356110486
2025-09-11 22:00:00+00:00,NSW1,22.035980235584766,1136.3678790882577
2025-09-11 22:30:00+00:00,NSW1,16.880045229922544,1149.67762873625
2025-09-11 23:00:00+00:00,NSW1,17.505246396620727,1584.9169809296964
2025-09-11 23:30:00+00:00,NSW1,18.597561333634026,851.5227459436201
2025-09-12 00:00:00+00:00,NSW1,12.404717093033014,793.8817389917222
2025-09-12 00:30:00+00:00,NSW1,15.41150583751324,851.4473716017637
2025-09-12 01:00:00+00:00,NSW1,12.434716655760411,468.21121200298785
2025-09-12 01:30:00+00:00,NSW1,17.90270724807455,746.1366735316842
2025-09-12 02:00:00+00:00,NSW1,15.025851112307151,599.2949616894475
2025-09-12 02:30:00+00:00,NSW1,29.608360226252884,546.3294144459805
2025-09-12 03:00:00+00:00,NSW1,14.93147051783864,681.6163296071345
2025-09-12 03:30:00+00:00,NSW1,17.002585940742676,647.029512062818
2025-09-12 04:00:00+00:00,NSW1,15.560604798456353,693.9616887139409
2025-09-12 04:30:00+00:00,NSW1,20.815141847735134,835.9479376776735
2025-09-12 05:00:00+00:00,NSW1,14.253597006383124,997.1403391718827
2025-09-12 05:30:00+00:00,NSW1,13.339577255570418,1017.5672633523009
2025-09-12 06:00:00+00:00,NSW1,17.484719210444474,860.5478001662532
2025-09-12 06:30:00+00:00,NSW1,17.59753803290566,1643.3556335407166
2025-09-12 07:00:00+00:00,NSW1,98.62610445406435,1597.4635712005384
2025-09-12 07:30:00+00:00,NSW1,110.22754731634112,759.1154659422609
2025-09-12 08:00:00+00:00,NSW1,83.2876302714341,1621.9359019154854
2025-09-12 08:30:00+00:00,NSW1,161.99407084310127,924.1635058868324
2025-09-12 09:00:00+00:00,NSW1,155.11532303150335,2179.5131703127336
2025-09-12 09:30:00+00:00,NSW1,74.87712081512578,1325.2928263954436
2025-09-12 10:00:00+00:00,NSW1,14.61260667389707,1682.8876895267067
2025-09-12 10:30:00+00:00,NSW1,13.78309701238291,912.7623440205762
2025-09-12 11:00:00+00:00,NSW1,14.994281395766627,801.5509348008545
2025-09-12 11:30:00+00:00,NSW1,16.423934219442174,487.9848637181558
2025-09-12 12:00:00+00:00,NSW1,17.44407557817855,1235.0150584897892
2025-09-12 12:30:00+00:00,NSW1,18.252022287947973,1178.9680146190367
2025-09-12 13:00:00+00:00,NSW1,7.678293387429335,1842.947418820182
2025-09-12 13:30:00+00:00,NSW1,15.750412507030042,710.512839515417
2025-09-12 14:00:00+00:00,NSW1,15.089551770633008,813.0124903328478
2025-09-12 14:30:00+00:00,NSW1,19.438667468227706,886.5572764083463
2025-09-12 15:00:00+00:00,NSW1,11.810107625461221,134.7595045690432
2025-09-12 15:30:00+00:00,NSW1,14.714393327139028,1122.164553371179
2025-09-12 16:00:00+00:00,NSW1,8.578408233762126,931.6691372413488
2025-09-12 16:30:00+00:00,NSW1,16.76047637431921,727.3720709248528
2025-09-12 17:00:00+00:00,NSW1,69.44485857817004,1214.5296579181631
2025-09-12 17:30:00+00:00,NSW1,129.27316631369126,1233.9370084800576
2025-09-12 18:00:00+00:00,NSW1,124.92925256347617,1463.847172324733
2025-09-12 18:30:00+00:00,NSW1,103.06080146893281,2018.1018850825585
2025-09-12 19:00:00+00:00,NSW1,83.75487518083892,609.1334973899029
2025-09-12 19:30:00+00:00,NSW1,85.15670974911569,1306.9307941269635
2025-09-12 20:00:00+00:00,NSW1,116.2994879851838,482.7360835489453
2025-09-12 20:30:00+00:00,NSW1,138.9885535431759,1972.9448420524805
2025-09-12 21:00:00+00:00,NSW1,111.3503783466196,257.10160777770034
2025-09-12 21:30:00+00:00,NSW1,67.93373464471583,882.4392482317944
2025-09-12 22:00:00+00:00,NSW1,10.642965960843675,1578.0225225220665
2025-09-12 22:30:00+00:00,NSW1,20.81416303419151,1301.22217000213
2025-09-12 23:00:00+00:00,NSW1,19.50106054932761,785.5408332814022
2025-09-12 23:30:00+00:00,NSW1,22.871944436966515,1138.63555021935
2025-09-13 00:00:00+00:00,NSW1,5.997754244056246,978.8460203287786
2025-09-13 00:30:00+00:00,NSW1,16.17084654239541,844.6367685648693
2025-09-13 01:00:00+00:00,NSW1,15.110596150070691,501.0008477048609
2025-09-13 01:30:00+00:00,NSW1,11.084005787346662,1068.8096431921858
2025-09-13 02:00:00+00:00,NSW1,10.45973702583943,498.80533988811567
2025-09-13 02:30:00+00:00,NSW1,7.6452605456814595,1020.9282161936535
2025-09-13 03:00:00+00:00,NSW1,12.935377759357799,413.663234537742
2025-09-13 03:30:00+00:00,NSW1,13.660550045759216,379.87798514533824
2025-09-13 04:00:00+00:00,NSW1,7.481906971049874,549.4699851288137
2025-09-13 04:30:00+00:00,NSW1,5.005251029394316,654.8595589141269
2025-09-13 05:00:00+00:00,NSW1,12.765927469898024,608.9670692708605
2025-09-13 05:30:00+00:00,NSW1,12.345383333346234,933.5645545709658
2025-09-13 06:00:00+00:00,NSW1,13.921874809217769,1356.1573593944258
2025-09-13 06:30:00+00:00,NSW1,8.946891420557407,892.6991807694158
2025-09-13 07:00:00+00:00,NSW1,115.21171219525581,1501.94990859081
2025-09-13 07:30:00+00:00,NSW1,85.27665538696303,1828.7452734978842
2025-09-13 08:00:00+00:00,NSW1,46.62526725245516,1577.494888939441
2025-09-13 08:30:00+00:00,NSW1,160.12327530833915,1206.59706900738
2025-09-13 09:00:00+00:00,NSW1,86.84376532982871,1429.1006649481787
2025-09-13 09:30:00+00:00,NSW1,95.29239870188286,1229.7751387005892
2025-09-13 10:00:00+00:00,NSW1,8.927959458936158,1258.7677506866885
2025-09-13 10:30:00+00:00,NSW1,10.447768103615651,872.1395372737543
2025-09-13 11:00:00+00:00,NSW1,6.960581883203531,1190.9064391600841
2025-09-13 11:30:00+00:00,NSW1,6.722787507245997,906.9476091203569
2025-09-13 12:00:00+00:00,NSW1,21.548850741707916,1597.4291840811638
2025-09-13 12:30:00+00:00,NSW1,15.379939511968843,258.23174943447066
2025-09-13 13:00:00+00:00,NSW1,13.582128953155689,1142.866400501749
2025-09-13 13:30:00+00:00,NSW1,11.88815890609822,1066.7708783929056
2025-09-13 14:00:00+00:00,NSW1,8.684255381490551,651.0765824470882
2025-09-13 14:30:00+00:00,NSW1,7.918366538490176,899.3253152938496
2025-09-13 15:00:00+00:00,NSW1,20.660263857058702,1049.2904615668795
2025-09-13 15:30:00+00:00,NSW1,17.95106271190962,1173.7762404115101
2025-09-13 16:00:00+00:00,NSW1,12.505598693200866,1295.7599998178812
2025-09-13 16:30:00+00:00,NSW1,10.44860185484604,1050.3911409940447
2025-09-13 17:00:00+00:00,NSW1,89.55575713890217,1209.779988231333
2025-09-13 17:30:00+00:00,NSW1,85.56337565318918,1177.769825966514
2025-09-13 18:00:00+00:00,NSW1,106.3770275348831,551.2510235429008
2025-09-13 18:30:00+00:00,NSW1,64.74786902257681,1496.3761637744337
2025-09-13 19:00:00+00:00,NSW1,66.32493112392483,1054.5061427683195
2025-09-13 19:30:00+00:00,NSW1,47.294130296897755,922.3074747322435
2025-09-13 20:00:00+00:00,NSW1,102.91045341080974,1199.323274007561
2025-09-13 20:30:00+00:00,NSW1,35.09877550456337,751.4952085998211
2025-09-13 21:00:00+00:00,NSW1,128.1024406532906,988.3555618995633
2025-09-13 21:30:00+00:00,NSW1,96.30625748912144,1348.2417566695667
2025-09-13 22:00:00+00:00,NSW1,9.57129066522699,1000.591050723352
2025-09-13 22:30:00+00:00,NSW1,13.761158959786208,1469.5220899194373
2025-09-13 23:00:00+00:00,NSW1,11.745986511390576,725.8512371761681
2025-09-13 23:30:00+00:00,NSW1,14.476365138723267,819.4207014501872
2025-09-14 00:00:00+00:00,NSW1,6.547907425016874,1262.2068737346235
2025-09-14 00:30:00+00:00,NSW1,6.228720477625586,1181.0327897653387
2025-09-14 01:00:00+00:00,NSW1,13.343857622859609,861.6815810222984
2025-09-14 01:30:00+00:00,NSW1,14.907061655722494,516.2667273491165
2025-09-14 02:00:00+00:00,NSW1,12.518410769846831,771.4231647400447
2025-09-14 02:30:00+00:00,NSW1,13.712649497395333,292.7950184848928
2025-09-14 03:00:00+00:00,NSW1,3.4122166303335035,341.23346534840357
2025-09-14 03:30:00+00:00,NSW1,8.834977086689179,642.3204234256123
2025-09-14 04:00:00+00:00,NSW1,17.770416779874843,70.14940674761647
2025-09-14 04:30:00+00:00,NSW1,12.562700875297203,635.7124186974279
2025-09-14 05:00:00+00:00,NSW1,15.11622497997714,731.1422229539617
2025-09-14 05:30:00+00:00,NSW1,11.167795720435763,808.7030562036098
2025-09-14 06:00:00+00:00,NSW1,4.5559148528948725,1341.5947283973564
2025-09-14 06:30:00+00:00,NSW1,12.181428651481504,1589.9472118833564
2025-09-14 07:00:00+00:00,NSW1,127.58849848241341,1054.070966922447
2025-09-14 07:30:00+00:00,NSW1,50.42968350637068,1050.3945596615413
2025-09-14 08:00:00+00:00,NSW1,82.96196278293044,1067.6365168353495
2025-09-14 08:30:00+00:00,NSW1,57.069382243909416,559.2664613576353
2025-09-14 09:00:00+00:00,NSW1,85.61087988920463,1677.2401627740073
2025-09-14 09:30:00+00:00,NSW1,106.23500824484171,840.0212675436005
2025-09-14 10:00:00+00:00,NSW1,3.957617817403438,1207.3328077592732
2025-09-14 10:30:00+00:00,NSW1,22.54347344617996,568.0352362882913
2025-09-14 11:00:00+00:00,NSW1,12.479430822416624,1323.263841174724
2025-09-14 11:30:00+00:00,NSW1,5.964541109469231,795.4252666734164
2025-09-14 12:00:00+00:00,NSW1,12.054969777581547,1236.7178532575545
2025-09-14 12:30:00+00:00,NSW1,7.4661206281404375,1033.5099793976842
2025-09-14 13:00:00+00:00,NSW1,18.661179753714627,835.4861941761719
2025-09-14 13:30:00+00:00,NSW1,19.182009404895652,859.7871556559976
2025-09-14 14:00:00+00:00,NSW1,9.907505587391505,1008.7059050805365
2025-09-14 14:30:00+00:00,NSW1,20.12591092201653,876.6275087791782
2025-09-14 15:00:00+00:00,NSW1,5.799161088754573,1087.6383216456288
2025-09-14 15:30:00+00:00,NSW1,12.526237111123322,824.5533909014239
2025-09-14 16:00:00+00:00,NSW1,14.124578204308612,1188.9160603918235
2025-09-14 16:30:00+00:00,NSW1,11.044677732216485,814.2017868924777
2025-09-14 17:00:00+00:00,NSW1,89.28892511670388,1196.7887620619358
2025-09-14 17:30:00+00:00,NSW1,129.49895421762764,1875.547414790084
2025-09-14 18:00:00+00:00,NSW1,50.71675053262398,1381.9686734590223
2025-09-14 18:30:00+00:00,NSW1,84.4706936406316,1301.9622122171804
2025-09-14 19:00:00+00:00,NSW1,82.85893083139598,1659.4456724717966
2025-09-14 19:30:00+00:00,NSW1,71.87956344849044,109.29014276865291
2025-09-14 20:00:00+00:00,NSW1,55.40634709280726,1281.455235338247
2025-09-14 20:30:00+00:00,NSW1,38.17769443016407,1337.8892892997537
2025-09-14 21:00:00+00:00,NSW1,70.91938582429576,223.03021569427983
2025-09-14 21:30:00+00:00,NSW1,104.70059791100255,959.9483613554576
2025-09-14 22:00:00+00:00,NSW1,6.330029377814327,987.590348599243
2025-09-14 22:30:00+00:00,NSW1,13.947183659744503,439.2427816691743
2025-09-14 23:00:00+00:00,NSW1,8.397911774408918,822.4018654909214
2025-09-14 23:30:00+00:00,NSW1,11.557297896688404,933.3663989415327
2025-09-15 00:00:00+00:00,NSW1,17.825101357038847,589.0229530763945
2025-09-15 00:30:00+00:00,NSW1,13.554040902154476,1284.546076954808
2025-09-15 01:00:00+00:00,NSW1,24.936451139517942,789.6233458344823
2025-09-15 01:30:00+00:00,NSW1,18.601205768255028,715.2078122461589
2025-09-15 02:00:00+00:00,NSW1,12.205852918876495,547.4524590057472
2025-09-15 02:30:00+00:00,NSW1,5.90350255802835,659.3364875033112
2025-09-15 03:00:00+00:00,NSW1,7.712791738136488,352.6916491801139
2025-09-15 03:30:00+00:00,NSW1,14.680548496197034,728.3453813591159
2025-09-15 04:00:00+00:00,NSW1,10.576319627613117,792.7372659279581
2025-09-15 04:30:00+00:00,NSW1,15.579501941868088,503.4650586686221
2025-09-15 05:00:00+00:00,NSW1,15.857996700101495,508.0656719229064
2025-09-15 05:30:00+00:00,NSW1,7.632011167403981,558.4965503983526
2025-09-15 06:00:00+00:00,NSW1,24.817459328110125,1145.9516965109788
2025-09-15 06:30:00+00:00,NSW1,15.834245885941648,1268.5031504566768
2025-09-15 07:00:00+00:00,NSW1,65.76298340307305,1094.8369422994347
2025-09-15 07:30:00+00:00,NSW1,157.42748422947363,1900.6593671550108
2025-09-15 08:00:00+00:00,NSW1,102.0210438473797,1289.9209678865864
2025-09-15 08:30:00+00:00,NSW1,121.21098386970617,2258.6243048416
2025-09-15 09:00:00+00:00,NSW1,92.75604818837385,1685.812420254384
2025-09-15 09:30:00+00:00,NSW1,132.44015654659012,1267.4223869930956
2025-09-15 10:00:00+00:00,NSW1,23.062609535016207,803.1003080670926
2025-09-15 10:30:00+00:00,NSW1,15.86341243816505,1669.7885996610412
2025-09-15 11:00:00+00:00,NSW1,9.620882756073627,772.9135832432676
2025-09-15 11:30:00+00:00,NSW1,12.89343420182012,1280.5007698466943
2025-09-15 12:00:00+00:00,NSW1,19.92059677179663,1241.1140884169517
2025-09-15 12:30:00+00:00,NSW1,6.267378809685773,1478.1467270411667
2025-09-15 13:00:00+00:00,NSW1,12.59724954088923,617.6600744978823
2025-09-15 13:30:00+00:00,NSW1,14.967814595109473,981.6851994223998
2025-09-15 14:00:00+00:00,NSW1,10.564530354480134,1068.8342093471674
2025-09-15 14:30:00+00:00,NSW1,24.993263776919996,660.2198274437224
2025-09-15 15:00:00+00:00,NSW1,11.307883543142083,1089.0992812771883
2025-09-15 15:30:00+00:00,NSW1,19.652752463976654,638.7091132090973
2025-09-15 16:00:00+00:00,NSW1,13.00332228480358,1274.4070605039715
2025-09-15 16:30:00+00:00,NSW1,9.032248844603473,1476.55176834737
2025-09-15 17:00:00+00:00,NSW1,98.78760681601301,1194.2018005711288
2025-09-15 17:30:00+00:00,NSW1,90.41774729973596,1178.9692784869785
2025-09-15 18:00:00+00:00,NSW1,145.33019275531007,1819.447535337229
2025-09-15 18:30:00+00:00,NSW1,54.178301802043094,2262.042588425089
2025-09-15 19:00:00+00:00,NSW1,57.910044447465225,1376.3161854659138
2025-09-15 19:30:00+00:00,NSW1,135.9617039228054,1108.4776054170434
2025-09-15 20:00:00+00:00,NSW1,198.95635935688819,1099.4535741729833
2025-09-15 20:30:00+00:00,NSW1,69.52622568965103,1030.8826608024883
2025-09-15 21:00:00+00:00,NSW1,105.70493218879164,779.1215910078554
2025-09-15 21:30:00+00:00,NSW1,162.89838256870064,1372.0783764969292
2025-09-15 22:00:00+00:00,NSW1,14.380374946905796,1896.8529124840024
2025-09-15 22:30:00+00:00,NSW1,15.614665241342742,1173.2358987909092
2025-09-15 23:00:00+00:00,NSW1,10.16391813195387,1180.1630452622521
2025-09-15 23:30:00+00:00,NSW1,19.265579165912236,628.2285616585878
2025-09-16 00:00:00+00:00,NSW1,13.286699444129148,1621.6860022087058
2025-09-16 00:30:00+00:00,NSW1,25.934350342682585,928.5051762265448
2025-09-16 01:00:00+00:00,NSW1,21.977278247837802,844.7779064374245
2025-09-16 01:30:00+00:00,NSW1,11.718901785096463,572.7092262450624
2025-09-16 02:00:00+00:00,NSW1,25.98689352587541,777.4934673252183
2025-09-16 02:30:00+00:00,NSW1,21.928907284609572,818.5979435012323
2025-09-16 03:00:00+00:00,NSW1,14.750460726447443,293.4720086204661
2025-09-16 03:30:00+00:00,NSW1,14.715548774573875,711.7143625239873
2025-09-16 04:00:00+00:00,NSW1,16.357834127953538,642.6600369301977
2025-09-16 04:30:00+00:00,NSW1,18.448964187730766,376.64341553749364
2025-09-16 05:00:00+00:00,NSW1,16.406493103867696,376.7993348195787
2025-09-16 05:30:00+00:00,NSW1,14.737730198789997,356.17837218384466
2025-09-16 06:00:00+00:00,NSW1,16.838230757206638,1943.1290601041492
2025-09-16 06:30:00+00:00,NSW1,12.763685394871153,1209.6008214199283
2025-09-16 07:00:00+00:00,NSW1,82.31197873663015,1337.181890169184
2025-09-16 07:30:00+00:00,NSW1,111.92645902713701,1594.467569333181
2025-09-16 08:00:00+00:00,NSW1,65.74980382125986,807.9516963931801
2025-09-16 08:30:00+00:00,NSW1,50.33825563011386,1059.1643732783195
2025-09-16 09:00:00+00:00,NSW1,119.61224349189361,1357.5567325497905
2025-09-16 09:30:00+00:00,NSW1,102.71373494765122,1164.5106185499772
2025-09-16 10:00:00+00:00,NSW1,18.01116558106021,1374.854999980028
2025-09-16 10:30:00+00:00,NSW1,18.705011979084617,569.1030201657213
2025-09-16 11:00:00+00:00,NSW1,11.721881535355891,816.9071814604922
2025-09-16 11:30:00+00:00,NSW1,17.36605886873147,1428.3155458798046
2025-09-16 12:00:00+00:00,NSW1,12.06828209065172,1185.2885856637258
2025-09-16 12:30:00+00:00,NSW1,9.186965663945529,1148.521959194576
2025-09-16 13:00:00+00:00,NSW1,20.26827587175636,1334.478379328616
2025-09-16 13:30:00+00:00,NSW1,17.137782840065036,931.5467957587452
2025-09-16 14:00:00+00:00,NSW1,9.1895297878038,957.011058633645
2025-09-16 14:30:00+00:00,NSW1,12.254126606082345,1017.343128818984
2025-09-16 15:00:00+00:00,NSW1,13.992409501935335,733.9300991362998
2025-09-16 15:30:00+00:00,NSW1,3.0304504970180517,795.0693722927035
2025-09-16 16:00:00+00:00,NSW1,16.42923938736959,1063.5580561599772
2025-09-16 16:30:00+00:00,NSW1,16.304179298521817,1175.8843686823193
2025-09-16 17:00:00+00:00,NSW1,132.57508301556183,1247.8708991574877
2025-09-16 17:30:00+00:00,NSW1,68.65753206923128,1989.780644995606
2025-09-16 18:00:00+00:00,NSW1,87.58501969786114,1408.579410879147
2025-09-16 18:30:00+00:00,NSW1,134.51368076208036,1909.7043007691082
2025-09-16 19:00:00+00:00,NSW1,154.48668823131916,1579.2758051509845
2025-09-16 19:30:00+00:00,NSW1,139.83903034335404,2068.1274587679145
2025-09-16 20:00:00+00:00,NSW1,172.30782073106798,1189.3038036150174
2025-09-16 20:30:00+00:00,NSW1,83.52996406862395,1559.852811142524
2025-09-16 21:00:00+00:00,NSW1,114.04364852340045,627.1926723503875
2025-09-16 21:30:00+00:00,NSW1,87.6049184700052,2007.5720138398574
2025-09-16 22:00:00+00:00,NSW1,10.102151623262742,1385.411871373365
2025-09-16 22:30:00+00:00,NSW1,2.666910733986491,845.127469563442
2025-09-16 23:00:00+00:00,NSW1,21.89285545168938,626.6636497394902
2025-09-16 23:30:00+00:00,NSW1,17.026474639601105,1673.2283120439624
2025-09-17 00:00:00+00:00,NSW1,16.638050699237034,1309.1397073793441
2025-09-17 00:30:00+00:00,NSW1,23.98767046257332,1841.0288883580743
2025-09-17 01:00:00+00:00,NSW1,20.29293442217684,268.2482035554931
2025-09-17 01:30:00+00:00,NSW1,26.552795703532617,1003.8607036810808
2025-09-17 02:00:00+00:00,NSW1,12.84898466752287,330.6452095233067
2025-09-17 02:30:00+00:00,NSW1,15.755042806036393,688.7425074122575
2025-09-17 03:00:00+00:00,NSW1,26.744171606243192,369.9324573512531
2025-09-17 03:30:00+00:00,NSW1,21.86110758183716,506.7010913625604
2025-09-17 04:00:00+00:00,NSW1,12.51463814606803,950.2226798471975
2025-09-17 04:30:00+00:00,NSW1,12.995312772191191,838.9433520907405
2025-09-17 05:00:00+00:00,NSW1,13.835964886530775,671.0316790195893
2025-09-17 05:30:00+00:00,NSW1,10.08024961927432,827.743295964663
2025-09-17 06:00:00+00:00,NSW1,11.7108869061951,1152.1762102471985
2025-09-17 06:30:00+00:00,NSW1,9.09995923403271,1068.903820597423
2025-09-17 07:00:00+00:00,NSW1,154.03959261698418,1488.2748059889072
2025-09-17 07:30:00+00:00,NSW1,130.82796973853047,1032.057887933779
2025-09-17 08:00:00+00:00,NSW1,115.91474185259311,1013.1231320058305
2025-09-17 08:30:00+00:00,NSW1,107.8717127682456,2303.4579695515877
2025-09-17 09:00:00+00:00,NSW1,88.08787031670548,1760.1391301388594
2025-09-17 09:30:00+00:00,NSW1,147.27430307953648,1368.468295224493
2025-09-17 10:00:00+00:00,NSW1,11.908353831967382,1037.7431521948192
2025-09-17 10:30:00+00:00,NSW1,16.241995831519624,949.0926593401282
2025-09-17 11:00:00+00:00,NSW1,21.720377575051167,305.6672454817035
2025-09-17 11:30:00+00:00,NSW1,15.244407920935927,1695.5938759064493
2025-09-17 12:00:00+00:00,NSW1,23.916670869073272,658.8965437307806
2025-09-17 12:30:00+00:00,NSW1,7.972089327139109,1757.9959792754835
2025-09-17 13:00:00+00:00,NSW1,26.483052840171887,1510.721312159566
2025-09-17 13:30:00+00:00,NSW1,14.46925323267044,881.2392374887895
2025-09-17 14:00:00+00:00,NSW1,15.123714184139253,1860.5798784632816
2025-09-17 14:30:00+00:00,NSW1,6.302843910304169,1352.1770779988046
2025-09-17 15:00:00+00:00,NSW1,18.338008900530532,1081.8662628135962
2025-09-17 15:30:00+00:00,NSW1,15.188576148833612,1503.9543585657493
2025-09-17 16:00:00+00:00,NSW1,5.803978470425719,1330.1042838705125
2025-09-17 16:30:00+00:00,NSW1,18.878236571830925,727.2326365781555
2025-09-17 17:00:00+00:00,NSW1,165.53209845407858,712.7515320440289
2025-09-17 17:30:00+00:00,NSW1,88.58329031836183,1559.468245175367
2025-09-17 18:00:00+00:00,NSW1,105.61652203435838,1734.6148275408523
2025-09-17 18:30:00+00:00,NSW1,145.75691936313714,971.3432986887219
2025-09-17 19:00:00+00:00,NSW1,134.79881946157127,1960.7147667957288
2025-09-17 19:30:00+00:00,NSW1,80.10531410458549,1213.0683773300543
2025-09-17 20:00:00+00:00,NSW1,146.09068400183094,1329.5046313083803
2025-09-17 20:30:00+00:00,NSW1,114.3397536217305,1251.3692674659487
2025-09-17 21:00:00+00:00,NSW1,66.71754355113511,2084.00343227761
2025-09-17 21:30:00+00:00,NSW1,121.71471826364845,1794.904083532967
2025-09-17 22:00:00+00:00,NSW1,8.437520835298812,1327.9177133844723
2025-09-17 22:30:00+00:00,NSW1,9.463067792702333,525.6971576522938
2025-09-17 23:00:00+00:00,NSW1,17.716015208112488,1779.1940125098072
2025-09-17 23:30:00+00:00,NSW1,16.12505764805863,839.0624422321143
2025-09-18 00:00:00+00:00,NSW1,18.188664800022188,1040.0213889542774
2025-09-11 00:30:00+00:00,VIC1,20.374243447632303,864.0289073338909
2025-09-11 01:00:00+00:00,VIC1,18.42344160110263,548.630884266312
2025-09-11 01:30:00+00:00,VIC1,6.708652937816986,658.9359411216446
2025-09-11 02:00:00+00:00,VIC1,20.273209669260183,784.1928691005596
2025-09-11 02:30:00+00:00,VIC1,10.774109894043484,892.1369233403702
2025-09-11 03:00:00+00:00,VIC1,14.119163246104392,208.06039510879236
2025-09-11 03:30:00+00:00,VIC1,15.810160159106772,975.6089892696095
2025-09-11 04:00:00+00:00,VIC1,11.507461873913698,764.2181235200551
2025-09-11 04:30:00+00:00,VIC1,20.991195659766582,253.12958333497227
2025-09-11 05:00:00+00:00,VIC1,15.501628286609893,354.08738427838034
2025-09-11 05:30:00+00:00,VIC1,13.072369622405418,358.4469987455295
2025-09-11 06:00:00+00:00,VIC1,-0.608479361444374,1838.3390793004564
2025-09-11 06:30:00+00:00,VIC1,14.060111360506419,936.9756002319291
2025-09-11 07:00:00+00:00,VIC1,130.27557139761186,1244.926563462799
2025-09-11 07:30:00+00:00,VIC1,111.83839995210619,844.9335965292812
2025-09-11 08:00:00+00:00,VIC1,60.58054846982346,910.5472903783084
2025-09-11 08:30:00+00:00,VIC1,110.36643889349989,1120.1489795664093
2025-09-11 09:00:00+00:00,VIC1,92.55628724644913,852.4040908423358
2025-09-11 09:30:00+00:00,VIC1,123.97584598171727,1422.486114734529
2025-09-11 10:00:00+00:00,VIC1,12.984420627232971,1524.6210049031497
2025-09-11 10:30:00+00:00,VIC1,21.839007003379805,652.3452802600523
2025-09-11 11:00:00+00:00,VIC1,8.289983571686115,1136.8953452311016
2025-09-11 11:30:00+00:00,VIC1,18.072652817494422,753.3259427231269
2025-09-11 12:00:00+00:00,VIC1,12.63911845533623,1174.0888077296677
2025-09-11 12:30:00+00:00,VIC1,6.868790710549376,1180.935220579374
2025-09-11 13:00:00+00:00,VIC1,25.355246905951162,1317.2417554730264
2025-09-11 13:30:00+00:00,VIC1,10.332607032055591,1571.8928152338822
2025-09-11 14:00:00+00:00,VIC1,21.501131341249987,1150.0411221373097
2025-09-11 14:30:00+00:00,VIC1,28.10693542405285,1138.872613355592
2025-09-11 15:00:00+00:00,VIC1,16.81573989729378,768.8716504359418
2025-09-11 15:30:00+00:00,VIC1,18.867681116972967,242.6942811462486
2025-09-11 16:00:00+00:00,VIC1,12.769663812323344,810.1357586739141
2025-09-11 16:30:00+00:00,VIC1,14.46351162881416,1048.0816856796491
2025-09-11 17:00:00+00:00,VIC1,94.81332948761117,1050.1406053893988
2025-09-11 17:30:00+00:00,VIC1,119.84969614310499,582.9102189748792
2025-09-11 18:00:00+00:00,VIC1,124.7559814459929,491.4490756473497
2025-09-11 18:30:00+00:00,VIC1,107.71525371324921,1840.9191487125245
2025-09-11 19:00:00+00:00,VIC1,134.43886829073398,1968.866769348013
2025-09-11 19:30:00+00:00,VIC1,114.87890501248577,1292.3295219752454
2025-09-11 20:00:00+00:00,VIC1,90.64913996576429,738.1154902655826
2025-09-11 20:30:00+00:00,VIC1,115.37067558145684,1297.9920499077543
2025-09-11 21:00:00+00:00,VIC1,126.64127932298723,1812.6971273471136
2025-09-11 21:30:00+00:00,VIC1,94.99813104971413,1436.5348547906542
2025-09-11 22:00:00+00:00,VIC1,14.309874785313276,1418.836701999251
2025-09-11 22:30:00+00:00,VIC1,9.86776193671205,844.2953254647509
2025-09-11 23:00:00+00:00,VIC1,17.960699547717134,1518.8835436340714
2025-09-11 23:30:00+00:00,VIC1,14.091296792879746,692.8921540362453
2025-09-12 00:00:00+00:00,VIC1,18.708213941092126,1257.728840686117
2025-09-12 00:30:00+00:00,VIC1,11.505064459431999,1419.900848424366
2025-09-12 01:00:00+00:00,VIC1,16.023859275135607,106.61658598759186
2025-09-12 01:30:00+00:00,VIC1,5.578829725187802,669.861759679542
2025-09-12 02:00:00+00:00,VIC1,17.22165162378643,755.7201633804352
2025-09-12 02:30:00+00:00,VIC1,12.659385310070768,645.2657716952745
2025-09-12 03:00:00+00:00,VIC1,18.98313016807971,1047.3906550681986
2025-09-12 03:30:00+00:00,VIC1,13.799379945386328,773.4877740995134
2025-09-12 04:00:00+00:00,VIC1,8.920380525380239,565.9665409478976
2025-09-12 04:30:00+00:00,VIC1,16.360645123860564,873.354825067303
2025-09-12 05:00:00+00:00,VIC1,23.2440434406355,772.9526935912818
2025-09-12 05:30:00+00:00,VIC1,23.248592810440933,368.5871423398694
2025-09-12 06:00:00+00:00,VIC1,20.47796392757288,486.4210010252682
2025-09-12 06:30:00+00:00,VIC1,22.79891209720951,1085.9361733541446
2025-09-12 07:00:00+00:00,VIC1,98.63038782964759,1903.5343982380928
2025-09-12 07:30:00+00:00,VIC1,165.46075949441058,1933.729968792035
2025-09-12 08:00:00+00:00,VIC1,137.7438271835396,1558.3299474952182
2025-09-12 08:30:00+00:00,VIC1,111.82566599824791,1993.4956390578573
2025-09-12 09:00:00+00:00,VIC1,123.90363684679447,1519.5423098127321
2025-09-12 09:30:00+00:00,VIC1,93.75240676695677,1231.6817941715626
2025-09-12 10:00:00+00:00,VIC1,11.686823449203722,1327.314808673521
2025-09-12 10:30:00+00:00,VIC1,9.2441706075332,1142.0048906374095
2025-09-12 11:00:00+00:00,VIC1,27.685350621624856,1076.5299431879603
2025-09-12 11:30:00+00:00,VIC1,21.81758175590351,1332.240243373114
2025-09-12 12:00:00+00:00,VIC1,20.098639056387697,794.5025089367364
2025-09-12 12:30:00+00:00,VIC1,15.32037526280751,1368.2822041799063
2025-09-12 13:00:00+00:00,VIC1,12.165499665732966,362.9036681696216
2025-09-12 13:30:00+00:00,VIC1,12.100015221137753,1168.180233467634
2025-09-12 14:00:00+00:00,VIC1,15.698423807899268,1462.300666301905
2025-09-12 14:30:00+00:00,VIC1,10.091764132185148,736.7571468535907
2025-09-12 15:00:00+00:00,VIC1,17.565714993545335,873.8690048274002
2025-09-12 15:30:00+00:00,VIC1,17.895962043285813,1687.992470833021
2025-09-12 16:00:00+00:00,VIC1,6.435028914571092,742.708475612204
2025-09-12 16:30:00+00:00,VIC1,17.692579756195713,1410.2032434362482
2025-09-12 17:00:00+00:00,VIC1,111.13713651036483,1069.2865064663201
2025-09-12 17:30:00+00:00,VIC1,85.12964512620245,1188.3981049886552
2025-09-12 18:00:00+00:00,VIC1,116.80540849809528,1479.806232061721
2025-09-12 18:30:00+00:00,VIC1,109.7602541005584,609.5197932647534
2025-09-12 19:00:00+00:00,VIC1,149.53578682745731,2004.9282863788867
2025-09-12 19:30:00+00:00,VIC1,89.56659111792415,1817.4247046844812
2025-09-12 20:00:00+00:00,VIC1,112.67856400157969,2226.0305806025863
2025-09-12 20:30:00+00:00,VIC1,86.91290183292077,906.3371390046086
2025-09-12 21:00:00+00:00,VIC1,91.09287938360814,1407.7757714472064
2025-09-12 21:30:00+00:00,VIC1,86.70867283489382,2353.5252402325423
2025-09-12 22:00:00+00:00,VIC1,13.724745494007585,854.6029836497273
2025-09-12 22:30:00+00:00,VIC1,11.724415947721575,1152.5070798499937
2025-09-12 23:00:00+00:00,VIC1,5.8655834807373,1234.9888283022392
2025-09-12 23:30:00+00:00,VIC1,7.3582139224194805,1010.2701693031577
2025-09-13 00:00:00+00:00,VIC1,15.597066979699711,929.0889596631814
2025-09-13 00:30:00+00:00,VIC1,11.009581331425714,1482.0662838158669
2025-09-13 01:00:00+00:00,VIC1,16.269070763781635,726.5463904980334
2025-09-13 01:30:00+00:00,VIC1,5.885168500495176,226.96645720857668
2025-09-13 02:00:00+00:00,VIC1,13.807225296108072,915.4912096450075
2025-09-13 02:30:00+00:00,VIC1,8.683754704347358,280.44734463132727
2025-09-13 03:00:00+00:00,VIC1,10.110638263079089,461.8774667864418
2025-09-13 03:30:00+00:00,VIC1,8.97407660900491,504.89472720796994
2025-09-13 04:00:00+00:00,VIC1,16.225390884345934,508.2290178424878
2025-09-13 04:30:00+00:00,VIC1,13.877268340003063,357.5578454226843
2025-09-13 05:00:00+00:00,VIC1,6.556814527798373,319.8186948468565
2025-09-13 05:30:00+00:00,VIC1,17.43852009027146,627.9501715995634
2025-09-13 06:00:00+00:00,VIC1,4.802064340558886,739.2278395627045
2025-09-13 06:30:00+00:00,VIC1,16.585939283695893,1251.098827772138
2025-09-13 07:00:00+00:00,VIC1,114.39507422242978,1209.3221330773076
2025-09-13 07:30:00+00:00,VIC1,90.54583758301526,1372.1613761406634
2025-09-13 08:00:00+00:00,VIC1,82.67317441257688,830.6630899878801
2025-09-13 08:30:00+00:00,VIC1,80.15386757958791,1259.7529418285712
2025-09-13 09:00:00+00:00,VIC1,83.35883337380555,1361.5150968764992
2025-09-13 09:30:00+00:00,VIC1,56.90473417098618,924.7508513982011
2025-09-13 10:00:00+00:00,VIC1,12.839677522938537,1054.4341386223932
2025-09-13 10:30:00+00:00,VIC1,8.577173563600084,810.4957756868553
2025-09-13 11:00:00+00:00,VIC1,16.68907468121693,717.0556864153359
2025-09-13 11:30:00+00:00,VIC1,4.716361007519943,283.2429183160066
2025-09-13 12:00:00+00:00,VIC1,14.03918367514462,1188.2461441293808
2025-09-13 12:30:00+00:00,VIC1,9.561297142062251,986.8151483465181
2025-09-13 13:00:00+00:00,VIC1,11.647442320695916,1593.3695528295611
2025-09-13 13:30:00+00:00,VIC1,17.274947400847182,1363.8430956222692
2025-09-13 14:00:00+00:00,VIC1,14.63941301331301,1057.147463840307
2025-09-13 14:30:00+00:00,VIC1,15.570598131839397,1239.632683377672
2025-09-13 15:00:00+00:00,VIC1,20.05181577650444,616.0127241502851
2025-09-13 15:30:00+00:00,VIC1,7.524598386105275,539.8967984289839
2025-09-13 16:00:00+00:00,VIC1,7.601582590589082,839.7337706618264
2025-09-13 16:30:00+00:00,VIC1,17.540941222762342,717.0531723539816
2025-09-13 17:00:00+00:00,VIC1,136.06036346718554,544.0753183212255
2025-09-13 17:30:00+00:00,VIC1,85.57976844415376,1881.948761162088
2025-09-13 18:00:00+00:00,VIC1,96.98602545804911,1177.7942247102674
2025-09-13 18:30:00+00:00,VIC1,115.04621019930849,709.2576426966089
2025-09-13 19:00:00+00:00,VIC1,100.33129457220764,969.6544993354491
2025-09-13 19:30:00+00:00,VIC1,145.18570710189096,1243.182545050996
2025-09-13 20:00:00+00:00,VIC1,54.226274104829926,1719.1661329330263
2025-09-13 20:30:00+00:00,VIC1,99.4900928989359,1030.5445430360096
2025-09-13 21:00:00+00:00,VIC1,116.11137551023336,1157.2312358530362
2025-09-13 21:30:00+00:00,VIC1,69.20684418246927,1106.1118090097334
2025-09-13 22:00:00+00:00,VIC1,7.271713390153657,1043.7708217750205
2025-09-13 22:30:00+00:00,VIC1,12.874549731450223,895.8915946175994
2025-09-13 23:00:00+00:00,VIC1,4.793992880238029,538.2686218966219
2025-09-13 23:30:00+00:00,VIC1,10.317731823086838,1307.1896287616773
2025-09-14 00:00:00+00:00,VIC1,13.391905146143621,1156.4845934830537
2025-09-14 00:30:00+00:00,VIC1,15.583090959642128,665.8989799477386
2025-09-14 01:00:00+00:00,VIC1,21.72869735670796,602.3669194423919
2025-09-14 01:30:00+00:00,VIC1,11.772957615955548,707.5036191833883
2025-09-14 02:00:00+00:00,VIC1,18.442664724386937,308.0349055288175
2025-09-14 02:30:00+00:00,VIC1,12.10496084907323,709.3248977639364
2025-09-14 03:00:00+00:00,VIC1,13.685514479984263,391.4689089378844
2025-09-14 03:30:00+00:00,VIC1,17.606896090703195,479.4913092650081
2025-09-14 04:00:00+00:00,VIC1,9.221918416167448,497.17904834506953
2025-09-14 04:30:00+00:00,VIC1,10.974567789226839,271.5491667082679
2025-09-14 05:00:00+00:00,VIC1,10.060149626261193,380.40863749985965
2025-09-14 05:30:00+00:00,VIC1,11.44794087163951,472.38064237735125
2025-09-14 06:00:00+00:00,VIC1,8.064891797042783,1284.047579192219
2025-09-14 06:30:00+00:00,VIC1,15.2234648232266,921.6457183235516
2025-09-14 07:00:00+00:00,VIC1,61.49644222236327,1188.9263537673687
2025-09-14 07:30:00+00:00,VIC1,78.20825075856447,1647.6709699022558
2025-09-14 08:00:00+00:00,VIC1,80.4716131221765,1350.5863166906474
2025-09-14 08:30:00+00:00,VIC1,48.13381884852305,477.4821808921315
2025-09-14 09:00:00+00:00,VIC1,97.7834670190828,933.3288111421525
2025-09-14 09:30:00+00:00,VIC1,99.82368825222105,931.9734794489859
2025-09-14 10:00:00+00:00,VIC1,7.879622478796307,897.2758241566262
2025-09-14 10:30:00+00:00,VIC1,15.438482710749433,571.8493806000424
2025-09-14 11:00:00+00:00,VIC1,19.23322304472871,473.7412760407278
2025-09-14 11:30:00+00:00,VIC1,8.631677385771859,816.8932576118696
2025-09-14 12:00:00+00:00,VIC1,14.599427893019723,854.6108680116677
2025-09-14 12:30:00+00:00,VIC1,9.149655959195822,1300.7206091814942
2025-09-14 13:00:00+00:00,VIC1,14.024798325532906,1142.8079300543322
2025-09-14 13:30:00+00:00,VIC1,12.262296230023011,916.499434960876
2025-09-14 14:00:00+00:00,VIC1,13.300156886444022,1281.4776233855955
2025-09-14 14:30:00+00:00,VIC1,11.13465392693454,624.4246644285176
2025-09-14 15:00:00+00:00,VIC1,3.65432443596697,804.6745930734132
2025-09-14 15:30:00+00:00,VIC1,3.2194947870072994,610.9671958951703
2025-09-14 16:00:00+00:00,VIC1,6.1950392234614995,419.69051197740464
2025-09-14 16:30:00+00:00,VIC1,6.794608176522594,1183.9114041308785
2025-09-14 17:00:00+00:00,VIC1,54.06496188832184,1240.9497575280675
2025-09-14 17:30:00+00:00,VIC1,71.20207830319333,917.9697284170607
2025-09-14 18:00:00+00:00,VIC1,102.39351930831742,1390.048503872148
2025-09-14 18:30:00+00:00,VIC1,102.1496458951211,1008.4824046496487
2025-09-14 19:00:00+00:00,VIC1,146.72380720200638,765.8469459535645
2025-09-14 19:30:00+00:00,VIC1,63.45196642874461,632.7262175223877
2025-09-14 20:00:00+00:00,VIC1,42.67551836210963,471.96671681421867
2025-09-14 20:30:00+00:00,VIC1,81.34473107515805,1117.2000852127212
2025-09-14 21:00:00+00:00,VIC1,76.83732510079761,1020.0337327184079
2025-09-14 21:30:00+00:00,VIC1,93.86696579403981,1047.4575124798357
2025-09-14 22:00:00+00:00,VIC1,23.37665122488852,1238.2998893295508
2025-09-14 22:30:00+00:00,VIC1,6.927217497836125,1108.134503225213
2025-09-14 23:00:00+00:00,VIC1,3.6368614777161667,761.2004651051138
2025-09-14 23:30:00+00:00,VIC1,7.530831312689386,880.3063661454535
2025-09-15 00:00:00+00:00,VIC1,19.813398216210757,796.6417853369076
2025-09-15 00:30:00+00:00,VIC1,16.418689663281647,709.3804476014839
2025-09-15 01:00:00+00:00,VIC1,20.026935344402602,669.3757895345507
2025-09-15 01:30:00+00:00,VIC1,5.393403648410228,958.5604488601248
2025-09-15 02:00:00+00:00,VIC1,14.274714926615673,551.9681074583095
2025-09-15 02:30:00+00:00,VIC1,19.640281013495226,642.451688107109
2025-09-15 03:00:00+00:00,VIC1,9.818447347681527,1180.0816571280448
2025-09-15 03:30:00+00:00,VIC1,12.721651070020144,765.4506097514186
2025-09-15 04:00:00+00:00,VIC1,13.620598118552365,712.7779138234764
2025-09-15 04:30:00+00:00,VIC1,9.882690867125966,1220.9120995650946
2025-09-15 05:00:00+00:00,VIC1,20.62929909868145,972.7214449178846
2025-09-15 05:30:00+00:00,VIC1,21.821325461203216,636.8043433205466
2025-09-15 06:00:00+00:00,VIC1,13.469438405598183,961.6375951343043
2025-09-15 06:30:00+00:00,VIC1,8.66379815721617,1177.5822923245123
2025-09-15 07:00:00+00:00,VIC1,161.02484273390166,1217.2544378850998
2025-09-15 07:30:00+00:00,VIC1,133.75994530299255,2245.8870104106027
2025-09-15 08:00:00+00:00,VIC1,67.82760173611896,1550.9428368201552
2025-09-15 08:30:00+00:00,VIC1,106.51457544076307,1217.2070878709274
2025-09-15 09:00:00+00:00,VIC1,143.10393472280296,1468.2095597521966
2025-09-15 09:30:00+00:00,VIC1,82.80977202250818,1404.9395294717033
2025-09-15 10:00:00+00:00,VIC1,13.172547577623348,1285.274743362399
2025-09-15 10:30:00+00:00,VIC1,10.478429728800492,1356.77973116277
2025-09-15 11:00:00+00:00,VIC1,11.524749788591159,1128.1827619054793
2025-09-15 11:30:00+00:00,VIC1,7.604404114267787,1065.3492916201585
2025-09-15 12:00:00+00:00,VIC1,12.497162529397748,1430.7397966226163
2025-09-15 12:30:00+00:00,VIC1,14.504896778437327,822.8114431124213
2025-09-15 13:00:00+00:00,VIC1,24.292718459444565,1264.215111072077
2025-09-15 13:30:00+00:00,VIC1,14.303865647871469,1099.4288130647774
2025-09-15 14:00:00+00:00,VIC1,10.319282604553358,908.8933732893929
2025-09-15 14:30:00+00:00,VIC1,19.50924534221671,1042.5345560035685
2025-09-15 15:00:00+00:00,VIC1,23.406160354907826,935.6091443133419
2025-09-15 15:30:00+00:00,VIC1,17.136945980646097,505.5531445052475
2025-09-15 16:00:00+00:00,VIC1,22.474451019480902,977.0252518550951
2025-09-15 16:30:00+00:00,VIC1,23.775109198833675,846.4344351451546
2025-09-15 17:00:00+00:00,VIC1,81.44410886332233,1690.6956852459425
2025-09-15 17:30:00+00:00,VIC1,140.7671774422759,1955.7736022825302
2025-09-15 18:00:00+00:00,VIC1,54.858694340286945,1844.6429559166609
2025-09-15 18:30:00+00:00,VIC1,103.62555598725076,1113.2096163836632
2025-09-15 19:00:00+00:00,VIC1,116.45187915021094,1137.5693842607143
2025-09-15 19:30:00+00:00,VIC1,105.26778090101593,1640.4888204279941
2025-09-15 20:00:00+00:00,VIC1,83.8652907244759,1318.0150035175557
2025-09-15 20:30:00+00:00,VIC1,167.08837040594102,206.76960478602086
2025-09-15 21:00:00+00:00,VIC1,163.38734600071376,786.3955889805438
2025-09-15 21:30:00+00:00,VIC1,125.15577985948269,1969.362209267767
2025-09-15 22:00:00+00:00,VIC1,13.825451745519281,1404.1225759923955
2025-09-15 22:30:00+00:00,VIC1,16.539140299129123,784.1817899846292
2025-09-15 23:00:00+00:00,VIC1,21.190578418858706,805.8381884286382
2025-09-15 23:30:00+00:00,VIC1,25.263286433183637,1061.8980475900626
2025-09-16 00:00:00+00:00,VIC1,19.458785255239306,1295.2000368153813
2025-09-16 00:30:00+00:00,VIC1,34.463239584216495,850.9088384493734
2025-09-16 01:00:00+00:00,VIC1,13.936416167151883,587.4382477409372
2025-09-16 01:30:00+00:00,VIC1,12.019309096903463,349.2992065551098
2025-09-16 02:00:00+00:00,VIC1,8.304261220881223,803.951508484558
2025-09-16 02:30:00+00:00,VIC1,19.921185689265414,312.07946865435497
2025-09-16 03:00:00+00:00,VIC1,8.684356092790004,717.3901113859874
2025-09-16 03:30:00+00:00,VIC1,20.05062438432578,884.3378344299126
2025-09-16 04:00:00+00:00,VIC1,10.755294292315831,460.0268283694086
2025-09-16 04:30:00+00:00,VIC1,11.7659688786433,612.2509847206757
2025-09-16 05:00:00+00:00,VIC1,9.54485058848131,941.091667594781
2025-09-16 05:30:00+00:00,VIC1,11.975949889205694,628.1638687642635
2025-09-16 06:00:00+00:00,VIC1,13.317504920537118,1073.4673050088759
2025-09-16 06:30:00+00:00,VIC1,7.464188978385607,895.8009589246803
2025-09-16 07:00:00+00:00,VIC1,156.22187334141788,1293.2420802697488
2025-09-16 07:30:00+00:00,VIC1,51.03166620074747,1615.6579382445798
2025-09-16 08:00:00+00:00,VIC1,130.30915247963685,692.3005121861952
2025-09-16 08:30:00+00:00,VIC1,90.9010439403792,1740.8413420796896
2025-09-16 09:00:00+00:00,VIC1,148.2070060388421,2057.835532329782
2025-09-16 09:30:00+00:00,VIC1,83.4730992218181,828.7669262469408
2025-09-16 10:00:00+00:00,VIC1,13.302335184620127,1210.2443388593074
2025-09-16 10:30:00+00:00,VIC1,13.909373419195077,1027.1169905984134
2025-09-16 11:00:00+00:00,VIC1,16.257219585987507,1438.0418711179263
2025-09-16 11:30:00+00:00,VIC1,23.105477893744016,1325.9290877118583
2025-09-16 12:00:00+00:00,VIC1,18.965461552253807,969.3357988581629
2025-09-16 12:30:00+00:00,VIC1,15.755843550391596,1032.8293919352782
2025-09-16 13:00:00+00:00,VIC1,17.575200694420232,1166.89294045103
2025-09-16 13:30:00+00:00,VIC1,12.102339360393593,1072.8956181814137
2025-09-16 14:00:00+00:00,VIC1,16.344589135073754,1203.4167526111833
2025-09-16 14:30:00+00:00,VIC1,15.891839155150059,837.0048855076684
2025-09-16 15:00:00+00:00,VIC1,17.94431407603993,1224.0192606692863
2025-09-16 15:30:00+00:00,VIC1,16.286900319226802,775.5883384612935
2025-09-16 16:00:00+00:00,VIC1,21.01339282857048,516.865171044753
2025-09-16 16:30:00+00:00,VIC1,24.978285772126178,991.9654387395767
2025-09-16 17:00:00+00:00,VIC1,92.28489858660964,867.6232986486666
2025-09-16 17:30:00+00:00,VIC1,98.29021058368451,208.7460959811924
2025-09-16 18:00:00+00:00,VIC1,82.02290269533943,1224.0518343449676
2025-09-16 18:30:00+00:00,VIC1,107.89569998636681,1787.0555119373585
2025-09-16 19:00:00+00:00,VIC1,88.80046225279118,1551.0610241615104
2025-09-16 19:30:00+00:00,VIC1,116.5435694467283,1578.7076400090118
2025-09-16 20:00:00+00:00,VIC1,118.90250328026134,1009.9676429545852
2025-09-16 20:30:00+00:00,VIC1,140.56502184899085,1094.7228814890823
2025-09-16 21:00:00+00:00,VIC1,85.18423397528916,2055.0077779779767
2025-09-16 21:30:00+00:00,VIC1,121.51698508507641,1886.5220164219445
2025-09-16 22:00:00+00:00,VIC1,21.602486492252353,1493.6315445535847
2025-09-16 22:30:00+00:00,VIC1,25.183698545575467,1070.8724898902483
2025-09-16 23:00:00+00:00,VIC1,16.854337309306672,1156.5041098157917
2025-09-16 23:30:00+00:00,VIC1,14.141298831056751,801.2663507922052
2025-09-17 00:00:00+00:00,VIC1,13.068537117797682,562.9538130419114
2025-09-17 00:30:00+00:00,VIC1,17.806974941156476,1069.7432375118342
2025-09-17 01:00:00+00:00,VIC1,11.885145496611287,563.7523155007511
2025-09-17 01:30:00+00:00,VIC1,14.930074344093583,697.6335580605528
2025-09-17 02:00:00+00:00,VIC1,20.40967392711603,578.8621851803077
2025-09-17 02:30:00+00:00,VIC1,17.672654594405763,928.0622724236846
2025-09-17 03:00:00+00:00,VIC1,10.093619708877675,554.1592879522923
2025-09-17 03:30:00+00:00,VIC1,16.94207820294953,744.5400988693082
2025-09-17 04:00:00+00:00,VIC1,26.79429090501945,422.41837165947436
2025-09-17 04:30:00+00:00,VIC1,23.009802752319814,823.7708627024085
2025-09-17 05:00:00+00:00,VIC1,15.418673411464454,778.5244894252273
2025-09-17 05:30:00+00:00,VIC1,12.06169278459383,643.500256019227
2025-09-17 06:00:00+00:00,VIC1,14.887721085574128,1213.282788820672
2025-09-17 06:30:00+00:00,VIC1,15.42857588933601,1335.6266411031247
2025-09-17 07:00:00+00:00,VIC1,135.78217384163918,1417.3016962636157
2025-09-17 07:30:00+00:00,VIC1,132.789356942918,989.8592988033797
2025-09-17 08:00:00+00:00,VIC1,93.38157950964809,1847.2918594331077
2025-09-17 08:30:00+00:00,VIC1,61.942230712356476,1403.084651851741
2025-09-17 09:00:00+00:00,VIC1,119.81609395167507,1471.8507785979218
2025-09-17 09:30:00+00:00,VIC1,166.09582862887373,1262.547335927964
2025-09-17 10:00:00+00:00,VIC1,10.845049408084563,1034.5136487871177
2025-09-17 10:30:00+00:00,VIC1,13.007645091092591,1500.5967707905893
2025-09-17 11:00:00+00:00,VIC1,7.392900719121528,1001.3952197022982
2025-09-17 11:30:00+00:00,VIC1,21.612306771801414,1155.025208384095
2025-09-17 12:00:00+00:00,VIC1,14.894528640689565,1120.8421175714875
2025-09-17 12:30:00+00:00,VIC1,13.33617081703963,1111.131737335576
2025-09-17 13:00:00+00:00,VIC1,22.673216388624944,993.1956245285182
2025-09-17 13:30:00+00:00,VIC1,22.160681691140894,646.1185885627947
2025-09-17 14:00:00+00:00,VIC1,13.799635727983123,1311.4809903361656
2025-09-17 14:30:00+00:00,VIC1,15.687235826775023,1365.3240048972602
2025-09-17 15:00:00+00:00,VIC1,17.863970888653505,1448.9386563159078
2025-09-17 15:30:00+00:00,VIC1,10.205532761241535,924.170819693134
2025-09-17 16:00:00+00:00,VIC1,12.797923266263325,1360.7671359708738
2025-09-17 16:30:00+00:00,VIC1,14.025246926248805,1193.9336572391658
2025-09-17 17:00:00+00:00,VIC1,87.90182146499723,2183.563603018769
2025-09-17 17:30:00+00:00,VIC1,96.54805205394797,1891.902012767574
2025-09-17 18:00:00+00:00,VIC1,123.24108708212201,1487.6494804339545
2025-09-17 18:30:00+00:00,VIC1,177.3359149878273,1307.2712402312554
2025-09-17 19:00:00+00:00,VIC1,165.47628771424965,1238.648451225079
2025-09-17 19:30:00+00:00,VIC1,78.00453228583947,1995.52341536329
2025-09-17 20:00:00+00:00,VIC1,92.81981326201708,1121.7036188255333
2025-09-17 20:30:00+00:00,VIC1,131.05796238930873,1280.935297228565
2025-09-17 21:00:00+00:00,VIC1,92.72276300944316,1578.164500918374
2025-09-17 21:30:00+00:00,VIC1,71.50511888204417,978.575496177793
2025-09-17 22:00:00+00:00,VIC1,16.94622289215264,585.2790516630621
2025-09-17 22:30:00+00:00,VIC1,15.452292297777738,1558.7418194169559
2025-09-17 23:00:00+00:00,VIC1,8.161490621486458,1037.4903047281605
2025-09-17 23:30:00+00:00,VIC1,14.1547329619356,1760.9513312095369
2025-09-18 00:00:00+00:00,VIC1,8.471039157338033,918.1272768045046
2025-09-11 00:30:00+00:00,QLD1,14.785736599122437,1094.1916509610182
2025-09-11 01:00:00+00:00,QLD1,7.728297702745209,629.4222660764144
2025-09-11 01:30:00+00:00,QLD1,15.811226789259393,683.4338426319805
2025-09-11 02:00:00+00:00,QLD1,14.555237269502683,511.71974595806023
2025-09-11 02:30:00+00:00,QLD1,20.97010064105683,686.1121460700506
2025-09-11 03:00:00+00:00,QLD1,12.916136693633511,681.2902772011385
2025-09-11 03:30:00+00:00,QLD1,20.040437808718437,694.6848284045391
2025-09-11 04:00:00+00:00,QLD1,16.155104857221858,714.419209296515
2025-09-11 04:30:00+00:00,QLD1,12.67416277506777,290.50035288518393
2025-09-11 05:00:00+00:00,QLD1,15.465239965988061,659.549451233217
2025-09-11 05:30:00+00:00,QLD1,19.882312024364836,632.9885809173434
2025-09-11 06:00:00+00:00,QLD1,8.51983698629757,969.5551537248202
2025-09-11 06:30:00+00:00,QLD1,9.458027173849494,1557.5595132551925
2025-09-11 07:00:00+00:00,QLD1,113.4936091505017,1078.1877492056592
2025-09-11 07:30:00+00:00,QLD1,155.67946628283752,1091.086243294385
2025-09-11 08:00:00+00:00,QLD1,169.55707835908487,750.1082154247943
2025-09-11 08:30:00+00:00,QLD1,144.12866527409298,1004.2106076392738
2025-09-11 09:00:00+00:00,QLD1,154.8158360385711,1199.9307345227098
2025-09-11 09:30:00+00:00,QLD1,128.5548772650785,1626.6809581309371
2025-09-11 10:00:00+00:00,QLD1,16.31888473951299,1280.445592404334
2025-09-11 10:30:00+00:00,QLD1,18.149548587860295,933.4986410444108
2025-09-11 11:00:00+00:00,QLD1,4.674272679707251,1395.7651267955216
2025-09-11 11:30:00+00:00,QLD1,4.7930820768802604,1175.0885612194834
2025-09-11 12:00:00+00:00,QLD1,7.044175857386904,1220.4895892889263
2025-09-11 12:30:00+00:00,QLD1,14.91316679294978,792.5029502777998
2025-09-11 13:00:00+00:00,QLD1,13.929930414760946,1312.760984625559
2025-09-11 13:30:00+00:00,QLD1,7.3120461053528345,1488.9800215649793
2025-09-11 14:00:00+00:00,QLD1,10.602595127693142,1272.3661343570238
2025-09-11 14:30:00+00:00,QLD1,13.341469833605814,1065.6838969185455
2025-09-11 15:00:00+00:00,QLD1,21.85002352251189,1844.8149895855422
2025-09-11 15:30:00+00:00,QLD1,14.546970444211702,1299.9127416104948
2025-09-11 16:00:00+00:00,QLD1,11.48042400998709,932.592166682185
2025-09-11 16:30:00+00:00,QLD1,17.43388055906093,1654.1088114924305
2025-09-11 17:00:00+00:00,QLD1,90.32104972853936,1248.804073689198
2025-09-11 17:30:00+00:00,QLD1,95.2627521612899,1124.9384393557211
2025-09-11 18:00:00+00:00,QLD1,137.99449315218516,1354.9737024990554
2025-09-11 18:30:00+00:00,QLD1,156.04318012740765,1831.7741573243857
2025-09-11 19:00:00+00:00,QLD1,128.2922516810667,1891.1793123385887
2025-09-11 19:30:00+00:00,QLD1,125.08751799611443,1996.1022730014338
2025-09-11 20:00:00+00:00,QLD1,71.43804044452845,915.2612574275645
2025-09-11 20:30:00+00:00,QLD1,168.2100442507158,865.3613261168812
2025-09-11 21:00:00+00:00,QLD1,95.93677051008278,2232.250105540161
2025-09-11 21:30:00+00:00,QLD1,69.74946711030002,1620.2372189247108
2025-09-11 22:00:00+00:00,QLD1,19.058849154941917,1029.6832595549859
2025-09-11 22:30:00+00:00,QLD1,12.862845509527013,1665.3888493726818
2025-09-11 23:00:00+00:00,QLD1,16.85800248696158,1003.7725722932164
2025-09-11 23:30:00+00:00,QLD1,15.891218796628678,756.1880413975778
2025-09-12 00:00:00+00:00,QLD1,11.068113921064452,966.6119469200594
2025-09-12 00:30:00+00:00,QLD1,16.183701180991704,1512.9458438762003
2025-09-12 01:00:00+00:00,QLD1,6.592086427260618,683.1693885352515
2025-09-12 01:30:00+00:00,QLD1,15.553612443291556,768.6976895394782
2025-09-12 02:00:00+00:00,QLD1,5.599708788523813,676.6093666639645
2025-09-12 02:30:00+00:00,QLD1,11.454853470627931,1064.759838963314
2025-09-12 03:00:00+00:00,QLD1,11.861106731611201,800.5645820298732
2025-09-12 03:30:00+00:00,QLD1,17.224113516800294,768.5601825693275
2025-09-12 04:00:00+00:00,QLD1,20.582564148138793,126.61592692267959
2025-09-12 04:30:00+00:00,QLD1,2.0101948216416403,846.7993601705311
2025-09-12 05:00:00+00:00,QLD1,2.516636100941817,691.3313739127329
2025-09-12 05:30:00+00:00,QLD1,15.041292021251778,544.1932182966739
2025-09-12 06:00:00+00:00,QLD1,14.514879529696039,1344.9519724302227
2025-09-12 06:30:00+00:00,QLD1,8.860395836464107,1106.3008081125754
2025-09-12 07:00:00+00:00,QLD1,87.56510944707198,1247.7482418920426
2025-09-12 07:30:00+00:00,QLD1,146.73140777027874,1162.696276146493
2025-09-12 08:00:00+00:00,QLD1,100.58928277282183,1192.7991430994189
2025-09-12 08:30:00+00:00,QLD1,159.40739397505814,2489.1115601331476
2025-09-12 09:00:00+00:00,QLD1,145.0898890381053,1376.4632165629519
2025-09-12 09:30:00+00:00,QLD1,117.8155825436248,1582.4536588356514
2025-09-12 10:00:00+00:00,QLD1,13.552804281007482,1857.4936890601875
2025-09-12 10:30:00+00:00,QLD1,19.649320221007663,779.9210023515761
2025-09-12 11:00:00+00:00,QLD1,6.124693436970574,684.1675410360422
2025-09-12 11:30:00+00:00,QLD1,11.274878735426313,1154.974381490766
2025-09-12 12:00:00+00:00,QLD1,8.973722900373055,842.0475961918146
2025-09-12 12:30:00+00:00,QLD1,16.108149809803677,740.7877912217809
2025-09-12 13:00:00+00:00,QLD1,10.782374139767484,529.0946778587295
2025-09-12 13:30:00+00:00,QLD1,19.318758450619846,1609.922901220516
2025-09-12 14:00:00+00:00,QLD1,20.571973608961066,638.6174886186818
2025-09-12 14:30:00+00:00,QLD1,19.510847434439228,1005.6465315004007
2025-09-12 15:00:00+00:00,QLD1,21.63670444374815,1120.9833546165637
2025-09-12 15:30:00+00:00,QLD1,13.912261037556455,539.3554182272501
2025-09-12 16:00:00+00:00,QLD1,17.21396781628426,824.3458886977696
2025-09-12 16:30:00+00:00,QLD1,15.050694934716454,1255.1346538895095
2025-09-12 17:00:00+00:00,QLD1,122.02584090840485,1791.9559083704662
2025-09-12 17:30:00+00:00,QLD1,95.14460473647762,1790.6076780625226
2025-09-12 18:00:00+00:00,QLD1,74.79005902323347,606.1027160801605
2025-09-12 18:30:00+00:00,QLD1,74.46920245692876,1425.491971159834
2025-09-12 19:00:00+00:00,QLD1,120.75240671900526,1377.1854448630365
2025-09-12 19:30:00+00:00,QLD1,119.19168890310219,1009.7730395035069
2025-09-12 20:00:00+00:00,QLD1,63.686313386275664,1684.423059332883
2025-09-12 20:30:00+00:00,QLD1,80.92404342862302,1392.375679102479
2025-09-12 21:00:00+00:00,QLD1,138.53520136644272,1287.7117786377275
2025-09-12 21:30:00+00:00,QLD1,107.41986638813555,1105.4509121038864
2025-09-12 22:00:00+00:00,QLD1,25.25298619747508,1373.7988876424106
2025-09-12 22:30:00+00:00,QLD1,11.700977672651412,1239.1408791689182
2025-09-12 23:00:00+00:00,QLD1,12.703493612035714,1040.3941574226174
2025-09-12 23:30:00+00:00,QLD1,18.4613466322347,1919.7941801931393
2025-09-13 00:00:00+00:00,QLD1,17.203232071812465,709.4867720449429
2025-09-13 00:30:00+00:00,QLD1,10.983921535604857,418.1710117153325
2025-09-13 01:00:00+00:00,QLD1,13.313497013452697,593.5959997125433
2025-09-13 01:30:00+00:00,QLD1,14.437500347274671,441.9525121974284
2025-09-13 02:00:00+00:00,QLD1,9.623187890477098,414.0129121574032
2025-09-13 02:30:00+00:00,QLD1,11.67896320465374,726.2077479274317
2025-09-13 03:00:00+00:00,QLD1,15.707932336487175,301.18221314459424
2025-09-13 03:30:00+00:00,QLD1,6.415412941157896,492.9421355610689
2025-09-13 04:00:00+00:00,QLD1,11.35963697726114,474.3170936714964
2025-09-13 04:30:00+00:00,QLD1,14.930531218867394,577.3271041259732
2025-09-13 05:00:00+00:00,QLD1,7.251143364387474,402.9744817384576
2025-09-13 05:30:00+00:00,QLD1,19.17693741023151,311.37103215991146
2025-09-13 06:00:00+00:00,QLD1,15.059659770189405,1260.6312721004988
2025-09-13 06:30:00+00:00,QLD1,14.686269783285255,1024.6020565660738
2025-09-13 07:00:00+00:00,QLD1,88.11578219424354,945.5717243263689
2025-09-13 07:30:00+00:00,QLD1,108.28033963829603,960.7199810451348
2025-09-13 08:00:00+00:00,QLD1,158.25039075636556,1472.9633228391012
2025-09-13 08:30:00+00:00,QLD1,78.46298792399081,1588.9759538062617
2025-09-13 09:00:00+00:00,QLD1,55.5154505279549,994.8400243792548
2025-09-13 09:30:00+00:00,QLD1,132.28252808071716,867.6428246856003
2025-09-13 10:00:00+00:00,QLD1,9.28095981136758,1254.4860832621398
2025-09-13 10:30:00+00:00,QLD1,12.354488972266068,353.49280285990335
2025-09-13 11:00:00+00:00,QLD1,10.727841163728485,794.7691284324628
2025-09-13 11:30:00+00:00,QLD1,23.763098091187587,822.6653430304286
2025-09-13 12:00:00+00:00,QLD1,12.407383770556478,642.9836190705855
2025-09-13 12:30:00+00:00,QLD1,11.237231398988918,897.6546158664723
2025-09-13 13:00:00+00:00,QLD1,5.544814048766099,722.1267590653051
2025-09-13 13:30:00+00:00,QLD1,9.730640761022741,903.916421347395
2025-09-13 14:00:00+00:00,QLD1,6.854645412769159,557.6261898317334
2025-09-13 14:30:00+00:00,QLD1,19.533952410832363,1054.5856258299327
2025-09-13 15:00:00+00:00,QLD1,12.419315607457136,1078.3790592105643
2025-09-13 15:30:00+00:00,QLD1,1.6723846615821927,1513.8677742643831
2025-09-13 16:00:00+00:00,QLD1,20.802275153112426,875.1478760389282
2025-09-13 16:30:00+00:00,QLD1,17.95942798618146,1219.1009311991002
2025-09-13 17:00:00+00:00,QLD1,91.53627619793079,1890.7886107696522
2025-09-13 17:30:00+00:00,QLD1,77.37675765809999,1513.6608050000832
2025-09-13 18:00:00+00:00,QLD1,70.52945890227646,979.9606263792093
2025-09-13 18:30:00+00:00,QLD1,76.5406814932606,1672.4095308867845
2025-09-13 19:00:00+00:00,QLD1,109.37345808692845,1479.6056024472755
2025-09-13 19:30:00+00:00,QLD1,71.22128827484677,1031.6644376098739
2025-09-13 20:00:00+00:00,QLD1,88.59696966087623,346.57307201925414
2025-09-13 20:30:00+00:00,QLD1,91.74770509739156,1200.9471518662458
2025-09-13 21:00:00+00:00,QLD1,113.13069846860999,1494.5965743522356
2025-09-13 21:30:00+00:00,QLD1,68.99770430324082,1180.9340526014867
2025-09-13 22:00:00+00:00,QLD1,3.448511223206985,1101.4872066332482
2025-09-13 22:30:00+00:00,QLD1,11.61159803080578,186.96232771024643
2025-09-13 23:00:00+00:00,QLD1,9.93997530107739,1195.8816737400966
2025-09-13 23:30:00+00:00,QLD1,13.469480426781011,949.2508595615809
2025-09-14 00:00:00+00:00,QLD1,10.454463575142682,737.4050119374042
2025-09-14 00:30:00+00:00,QLD1,8.754077007269501,572.689581836592
2025-09-14 01:00:00+00:00,QLD1,14.230742323385599,598.8167635543209
2025-09-14 01:30:00+00:00,QLD1,12.18020564335228,348.30022566799425
2025-09-14 02:00:00+00:00,QLD1,7.002220464137864,489.3290517137284
2025-09-14 02:30:00+00:00,QLD1,8.866070792880485,538.9467695918606
2025-09-14 03:00:00+00:00,QLD1,15.567699011138835,563.7444402721576
2025-09-14 03:30:00+00:00,QLD1,16.435864813985354,303.63363033935957
2025-09-14 04:00:00+00:00,QLD1,13.49423728340686,673.4824965447528
2025-09-14 04:30:00+00:00,QLD1,5.161329654003438,633.267525698212
2025-09-14 05:00:00+00:00,QLD1,11.150724945203528,696.4495867773603
2025-09-14 05:30:00+00:00,QLD1,12.312812412971269,611.6378588724542
2025-09-14 06:00:00+00:00,QLD1,8.991577312170712,1276.4920968944134
2025-09-14 06:30:00+00:00,QLD1,10.211054331632297,1231.0655964926937
2025-09-14 07:00:00+00:00,QLD1,116.18638884035538,1269.5447959294115
2025-09-14 07:30:00+00:00,QLD1,46.900972327365956,1418.0683980025888
2025-09-14 08:00:00+00:00,QLD1,103.61114427990617,685.7174746878891
2025-09-14 08:30:00+00:00,QLD1,101.23063033744938,689.9471615546217
2025-09-14 09:00:00+00:00,QLD1,104.18712536687764,1250.8149659952624
2025-09-14 09:30:00+00:00,QLD1,111.74835933360058,1177.152178045705
2025-09-14 10:00:00+00:00,QLD1,14.628563078083346,1003.9977068880171
2025-09-14 10:30:00+00:00,QLD1,15.758159383861958,1034.6948150498274
2025-09-14 11:00:00+00:00,QLD1,13.403761701742482,1011.3385561121286
2025-09-14 11:30:00+00:00,QLD1,17.80611652329229,955.821971162095
2025-09-14 12:00:00+00:00,QLD1,10.795010708943146,1273.4092189957619
2025-09-14 12:30:00+00:00,QLD1,17.737372188716684,642.8289598588954
2025-09-14 13:00:00+00:00,QLD1,10.443589066321636,1111.0940233607498
2025-09-14 13:30:00+00:00,QLD1,9.135472939235662,1126.9698628069955
2025-09-14 14:00:00+00:00,QLD1,11.885058413958625,612.8605245807712
2025-09-14 14:30:00+00:00,QLD1,5.246321594131004,957.8711325503464
2025-09-14 15:00:00+00:00,QLD1,7.995854275532807,731.7834160660504
2025-09-14 15:30:00+00:00,QLD1,7.55988645959021,671.658406596548
2025-09-14 16:00:00+00:00,QLD1,9.415056835658888,972.6766942636878
2025-09-14 16:30:00+00:00,QLD1,10.25728779017173,742.6404258715074
2025-09-14 17:00:00+00:00,QLD1,86.83397364540635,1358.8296189396997
2025-09-14 17:30:00+00:00,QLD1,98.73782542511863,1633.1774616632865
2025-09-14 18:00:00+00:00,QLD1,68.6205970349763,966.6264520842533
2025-09-14 18:30:00+00:00,QLD1,108.65036326205862,1074.8173159077796
2025-09-14 19:00:00+00:00,QLD1,120.70653556238346,1739.4881123167288
2025-09-14 19:30:00+00:00,QLD1,86.26427550144464,851.6178556064497
2025-09-14 20:00:00+00:00,QLD1,106.14126940678247,394.2322692206126
2025-09-14 20:30:00+00:00,QLD1,119.68799991013879,1680.3348892660924
2025-09-14 21:00:00+00:00,QLD1,103.01744841204027,856.8725266356159
2025-09-14 21:30:00+00:00,QLD1,83.36895458584381,683.8986248724987
2025-09-14 22:00:00+00:00,QLD1,4.721674654332553,622.6599029992049
2025-09-14 22:30:00+00:00,QLD1,11.181551701066908,1030.8495600827018
2025-09-14 23:00:00+00:00,QLD1,12.382214382209725,1313.0607952668752
2025-09-14 23:30:00+00:00,QLD1,10.330991492915928,1550.0593074653925
2025-09-15 00:00:00+00:00,QLD1,20.238328349836074,1219.66295030742
2025-09-15 00:30:00+00:00,QLD1,13.07039193347753,933.2282663929145
2025-09-15 01:00:00+00:00,QLD1,8.470143155906335,612.1145817955794
2025-09-15 01:30:00+00:00,QLD1,14.011553208371694,706.4309714534893
2025-09-15 02:00:00+00:00,QLD1,10.174461867976767,198.4317753158998
2025-09-15 02:30:00+00:00,QLD1,15.280716575118845,372.6428917215999
2025-09-15 03:00:00+00:00,QLD1,13.232569163481465,444.6517143527708
2025-09-15 03:30:00+00:00,QLD1,18.404580012690495,458.45606584115103
2025-09-15 04:00:00+00:00,QLD1,21.932277827735042,361.5086628919862
2025-09-15 04:30:00+00:00,QLD1,14.736900901494167,503.066650936571
2025-09-15 05:00:00+00:00,QLD1,13.334434561881402,362.7428480530107
2025-09-15 05:30:00+00:00,QLD1,13.287418091858534,517.279345970262
2025-09-15 06:00:00+00:00,QLD1,10.280622597780784,813.2026937497085
2025-09-15 06:30:00+00:00,QLD1,6.775805217882471,764.7627729528749
2025-09-15 07:00:00+00:00,QLD1,69.20248957152499,1197.6885029527475
2025-09-15 07:30:00+00:00,QLD1,101.56067236659243,1009.4617087643401
2025-09-15 08:00:00+00:00,QLD1,104.51209712483825,2107.4864975595083
2025-09-15 08:30:00+00:00,QLD1,111.4804604804247,1469.1623293154607
2025-09-15 09:00:00+00:00,QLD1,170.9568147040418,669.1094384562075
2025-09-15 09:30:00+00:00,QLD1,92.3011095302418,1819.4431734178925
2025-09-15 10:00:00+00:00,QLD1,13.775357740305935,1056.9831008955216
2025-09-15 10:30:00+00:00,QLD1,14.350955696151011,883.0618213897205
2025-09-15 11:00:00+00:00,QLD1,12.851702233392238,1039.7573155098326
2025-09-15 11:30:00+00:00,QLD1,20.080261739313123,503.8723171769252
2025-09-15 12:00:00+00:00,QLD1,18.169296623881408,901.2358461157419
2025-09-15 12:30:00+00:00,QLD1,-0.7893916502105256,291.361412664417
2025-09-15 13:00:00+00:00,QLD1,16.60887312464733,926.4265544630007
2025-09-15 13:30:00+00:00,QLD1,13.856730247348004,940.5400065342237
2025-09-15 14:00:00+00:00,QLD1,17.588467024361087,752.476852654615
2025-09-15 14:30:00+00:00,QLD1,18.291148094012605,1259.3612879105403
2025-09-15 15:00:00+00:00,QLD1,25.98327621525744,512.4409932231083
2025-09-15 15:30:00+00:00,QLD1,20.440775579318064,786.4476464031031
2025-09-15 16:00:00+00:00,QLD1,15.588772325872945,645.6067335952512
2025-09-15 16:30:00+00:00,QLD1,28.696599391570047,845.0956353582969
2025-09-15 17:00:00+00:00,QLD1,80.36405055305401,804.9498579761457
2025-09-15 17:30:00+00:00,QLD1,57.39657992140154,1110.3309443770067
2025-09-15 18:00:00+00:00,QLD1,99.41997063428681,2431.503367869842
2025-09-15 18:30:00+00:00,QLD1,115.04694174199578,695.4082967854856
2025-09-15 19:00:00+00:00,QLD1,56.55327881431002,904.8257523079246
2025-09-15 19:30:00+00:00,QLD1,79.92316439988247,1193.129732754549
2025-09-15 20:00:00+00:00,QLD1,96.09945375681139,2384.4896773047276
2025-09-15 20:30:00+00:00,QLD1,111.67454669593718,1361.444085648176
2025-09-15 21:00:00+00:00,QLD1,107.0462166173756,1359.9076975289681
2025-09-15 21:30:00+00:00,QLD1,131.68569359465988,1701.2180060017981
2025-09-15 22:00:00+00:00,QLD1,16.95200085155473,993.946954084865
2025-09-15 22:30:00+00:00,QLD1,28.087428208531442,1897.238191265651
2025-09-15 23:00:00+00:00,QLD1,15.152540957249144,722.6408781171158
2025-09-15 23:30:00+00:00,QLD1,11.988538905232353,750.2159723967688
2025-09-16 00:00:00+00:00,QLD1,13.282316000370997,1750.7389479151361
2025-09-16 00:30:00+00:00,QLD1,17.01864640289122,928.6982469254099
2025-09-16 01:00:00+00:00,QLD1,14.189261802710462,820.9532536081379
2025-09-16 01:30:00+00:00,QLD1,17.900469921200866,579.6955866677126
2025-09-16 02:00:00+00:00,QLD1,8.99753376630673,752.347825268625
2025-09-16 02:30:00+00:00,QLD1,16.46706902786744,617.1598374091618
2025-09-16 03:00:00+00:00,QLD1,15.771636462139021,994.5316045663758
2025-09-16 03:30:00+00:00,QLD1,18.68082513375554,831.5608115078267
2025-09-16 04:00:00+00:00,QLD1,13.512229439153778,454.50656759993217
2025-09-16 04:30:00+00:00,QLD1,21.17082687648849,730.5935367290685
2025-09-16 05:00:00+00:00,QLD1,10.203272935515912,911.6368242503831
2025-09-16 05:30:00+00:00,QLD1,4.795811230309063,444.5490823829032
2025-09-16 06:00:00+00:00,QLD1,13.642089326351716,974.6213270001672
2025-09-16 06:30:00+00:00,QLD1,9.629341161835633,1075.8055857636691
2025-09-16 07:00:00+00:00,QLD1,91.5218009064364,1764.6898002494272
2025-09-16 07:30:00+00:00,QLD1,131.528254848673,1095.6329034584833
2025-09-16 08:00:00+00:00,QLD1,99.89975552118142,1658.679767861755
2025-09-16 08:30:00+00:00,QLD1,88.09438412150169,1430.0598606538078
2025-09-16 09:00:00+00:00,QLD1,109.9794554552169,1359.7305244539784
2025-09-16 09:30:00+00:00,QLD1,213.5900429718641,1893.8002285385792
2025-09-16 10:00:00+00:00,QLD1,11.331250634371443,898.8491086353342
2025-09-16 10:30:00+00:00,QLD1,15.995249872967221,1367.8466503014042
2025-09-16 11:00:00+00:00,QLD1,4.227923478475972,688.54906656596
2025-09-16 11:30:00+00:00,QLD1,14.036449910553323,1628.6702113645406
2025-09-16 12:00:00+00:00,QLD1,18.372361089923736,1352.7054856075356
2025-09-16 12:30:00+00:00,QLD1,21.394159233165745,1017.585071602196
2025-09-16 13:00:00+00:00,QLD1,7.086052565495393,1727.6569219710527
2025-09-16 13:30:00+00:00,QLD1,13.448277876273217,1431.1563477670516
2025-09-16 14:00:00+00:00,QLD1,18.47540968108025,1396.9085324563348
2025-09-16 14:30:00+00:00,QLD1,6.12102980870597,626.8416540390499
2025-09-16 15:00:00+00:00,QLD1,19.489163958196052,907.8038858558675
2025-09-16 15:30:00+00:00,QLD1,18.317347743779465,958.3328644647463
2025-09-16 16:00:00+00:00,QLD1,9.331217567555733,1020.6594582486377
2025-09-16 16:30:00+00:00,QLD1,20.8048133142373,1159.29541929453
2025-09-16 17:00:00+00:00,QLD1,124.33217199073977,1647.506089597142
2025-09-16 17:30:00+00:00,QLD1,109.80036479555753,1885.820976918816
2025-09-16 18:00:00+00:00,QLD1,110.85201730797013,1223.6241120096838
2025-09-16 18:30:00+00:00,QLD1,68.55071899370428,664.4573083171999
2025-09-16 19:00:00+00:00,QLD1,89.57879471282214,1398.467960127302
2025-09-16 19:30:00+00:00,QLD1,155.57256718187227,1725.5602835674526
2025-09-16 20:00:00+00:00,QLD1,162.65479995749251,1198.748075113017
2025-09-16 20:30:00+00:00,QLD1,125.58347156371207,1407.9500419985143
2025-09-16 21:00:00+00:00,QLD1,100.09580216630837,1556.1098855865712
2025-09-16 21:30:00+00:00,QLD1,120.03514482544388,1510.5596473709065
2025-09-16 22:00:00+00:00,QLD1,17.347084443364224,1022.3090577712528
2025-09-16 22:30:00+00:00,QLD1,19.578550077423223,989.2474471697979
2025-09-16 23:00:00+00:00,QLD1,17.502800336360174,858.7537908646218
2025-09-16 23:30:00+00:00,QLD1,11.219069495253095,226.7927692751855
2025-09-17 00:00:00+00:00,QLD1,10.20926246290552,1625.562467173365
2025-09-17 00:30:00+00:00,QLD1,18.75429965411194,1184.2079603153106
2025-09-17 01:00:00+00:00,QLD1,9.816015881347909,723.0634417998563
2025-09-17 01:30:00+00:00,QLD1,10.31123604828364,293.22705819351177
2025-09-17 02:00:00+00:00,QLD1,11.121398081068811,472.16895292273693
2025-09-17 02:30:00+00:00,QLD1,10.27789510169005,987.3279798638996
2025-09-17 03:00:00+00:00,QLD1,12.208804409480607,205.7892688601887
2025-09-17 03:30:00+00:00,QLD1,17.39413056846523,555.715102702794
2025-09-17 04:00:00+00:00,QLD1,7.926646771854784,696.3309733648503
2025-09-17 04:30:00+00:00,QLD1,13.700699195793568,782.6817961253464
2025-09-17 05:00:00+00:00,QLD1,14.986147930802034,766.1255938529002
2025-09-17 05:30:00+00:00,QLD1,12.855320351267089,392.01708427827907
2025-09-17 06:00:00+00:00,QLD1,18.556787420904328,2064.181962427474
2025-09-17 06:30:00+00:00,QLD1,23.45469709797746,1904.2736094568409
2025-09-17 07:00:00+00:00,QLD1,66.00785147030548,1730.532344611578
2025-09-17 07:30:00+00:00,QLD1,160.36099208874253,2003.2473775436702
2025-09-17 08:00:00+00:00,QLD1,77.73389729839108,1712.5767280266336
2025-09-17 08:30:00+00:00,QLD1,122.72549148521105,1034.3558850306526
2025-09-17 09:00:00+00:00,QLD1,86.12392251226206,1451.3311267991012
2025-09-17 09:30:00+00:00,QLD1,153.68705568347605,1267.056748258803
2025-09-17 10:00:00+00:00,QLD1,22.30724548041642,190.5772555600006
2025-09-17 10:30:00+00:00,QLD1,19.999028313461586,1502.227898665552
2025-09-17 11:00:00+00:00,QLD1,17.859604665877278,1327.8604259825415
2025-09-17 11:30:00+00:00,QLD1,18.84755009582276,317.9816983266719
2025-09-17 12:00:00+00:00,QLD1,9.738210373474608,1027.2688937022003
2025-09-17 12:30:00+00:00,QLD1,15.094187260565207,852.8238237786081
2025-09-17 13:00:00+00:00,QLD1,20.971337802615423,1242.671635907429
2025-09-17 13:30:00+00:00,QLD1,20.989922032643307,1003.2572455105619
2025-09-17 14:00:00+00:00,QLD1,19.38895733304713,1078.455264575693
2025-09-17 14:30:00+00:00,QLD1,27.00897867656385,1195.9527779002392
2025-09-17 15:00:00+00:00,QLD1,13.732056095788955,519.2763281784391
2025-09-17 15:30:00+00:00,QLD1,12.977909401953873,851.4690483286604
2025-09-17 16:00:00+00:00,QLD1,12.720242135377262,688.6029175998183
2025-09-17 16:30:00+00:00,QLD1,16.24476880422091,1495.1817446500627
2025-09-17 17:00:00+00:00,QLD1,135.36363346006658,1763.9918424836596
2025-09-17 17:30:00+00:00,QLD1,125.23804606291593,1794.8926167775826
2025-09-17 18:00:00+00:00,QLD1,135.74147278813723,1994.7306505579963
2025-09-17 18:30:00+00:00,QLD1,36.95659404415902,1581.1114974834
2025-09-17 19:00:00+00:00,QLD1,107.66850525757947,1580.2577707989658
2025-09-17 19:30:00+00:00,QLD1,101.13376387315691,2010.9558903432826
2025-09-17 20:00:00+00:00,QLD1,93.78741493483727,1838.4499252517744
2025-09-17 20:30:00+00:00,QLD1,104.84314662526914,1407.7768906047459
2025-09-17 21:00:00+00:00,QLD1,118.10502767665264,1240.4263495830655
2025-09-17 21:30:00+00:00,QLD1,144.08011036686082,1582.1008303536037
2025-09-17 22:00:00+00:00,QLD1,9.105852234302262,1014.7976796878356
2025-09-17 22:30:00+00:00,QLD1,11.844530452881926,1007.2736249562349
2025-09-17 23:00:00+00:00,QLD1,19.90428444416598,1863.655850559011
2025-09-17 23:30:00+00:00,QLD1,16.025715599843743,1001.7449066036434
2025-09-18 00:00:00+00:00,QLD1,13.957653066382704,1143.4716053586435
